{
  "int_rate": {
    "mean": 13.970213147100056,
    "std": 4.255968908318401,
    "min": 5.42,
    "max": 26.06,
    "p25": 10.99,
    "p50": 13.98,
    "p75": 16.59,
    "missing_pct": 0.0
  },
  "loan_amnt": {
    "mean": 14348.694246845631,
    "std": 8273.202913386234,
    "min": 500.0,
    "max": 35000.0,
    "p25": 8000.0,
    "p50": 12075.0,
    "p75": 20000.0,
    "missing_pct": 0.0
  },
  "annual_inc": {
    "mean": 73535.5862463069,
    "std": 56039.11321500426,
    "min": 3000.0,
    "max": 7446395.0,
    "p25": 45000.0,
    "p50": 63000.0,
    "p75": 89425.0,
    "missing_pct": 5.192377589698323e-06
  },
  "dti": {
    "mean": 16.78945661768524,
    "std": 7.551557437945408,
    "min": 0.0,
    "max": 34.99,
    "p25": 11.16,
    "p50": 16.55,
    "p75": 22.23,
    "missing_pct": 0.0
  },
  "revol_util": {
    "mean": 56.36434250319577,
    "std": 23.822386966294054,
    "min": 0.0,
    "max": 892.3,
    "p25": 39.6,
    "p50": 58.0,
    "p75": 75.0,
    "missing_pct": 0.0007684718832753518
  },
  "open_acc": {
    "mean": 11.082635315133796,
    "std": 4.908459541947555,
    "min": 0.0,
    "max": 58.0,
    "p25": 8.0,
    "p50": 10.0,
    "p75": 14.0,
    "missing_pct": 0.00010903992938366478
  },
  "total_acc": {
    "mean": 24.98414594249334,
    "std": 11.490306869463458,
    "min": 1.0,
    "max": 91.0,
    "p25": 17.0,
    "p50": 23.0,
    "p75": 32.0,
    "missing_pct": 0.00010903992938366478
  },
  "tot_cur_bal": {
    "mean": 138989.2871270007,
    "std": 150981.95179646517,
    "min": 0.0,
    "max": 4772549.0,
    "p25": 28200.0,
    "p50": 82385.0,
    "p75": 210120.0,
    "missing_pct": 0.18929850978763177
  },
  "total_rev_hi_lim": {
    "mean": 29807.703016018393,
    "std": 38259.71882975662,
    "min": 0.0,
    "max": 9999999.0,
    "p25": 13400.0,
    "p50": 22500.0,
    "p75": 37300.0,
    "missing_pct": 0.18929850978763177
  },
  "installment": {
    "mean": 436.3330433044291,
    "std": 244.13187718362914,
    "min": 15.67,
    "max": 1409.99,
    "p25": 259.53,
    "p50": 385.35,
    "p75": 573.2,
    "missing_pct": 0.0
  },
  "emp_length": {
    "mean": 6.064836932305988,
    "std": 3.497597962574816,
    "min": 0.9,
    "max": 10.0,
    "p25": 3.0,
    "p50": 6.0,
    "p75": 10.0,
    "missing_pct": 0.04442598265745885
  },
  "term": {
    "mean": 42.31883275351784,
    "std": 10.570000890986861,
    "min": 36.0,
    "max": 60.0,
    "p25": 36.0,
    "p50": 36.0,
    "p75": 60.0,
    "missing_pct": 0.0
  },
  "delinq_2yrs": {
    "mean": 0.2702459897491289,
    "std": 0.7750535140531781,
    "min": 0.0,
    "max": 29.0,
    "p25": 0.0,
    "p50": 0.0,
    "p75": 0.0,
    "missing_pct": 0.00010903992938366478
  },
  "inq_last_6mths": {
    "mean": 0.8542548385254116,
    "std": 1.1267080937981089,
    "min": 0.0,
    "max": 33.0,
    "p25": 0.0,
    "p50": 1.0,
    "p75": 1.0,
    "missing_pct": 0.00010903992938366478
  },
  "pub_rec": {
    "mean": 0.16740493018087024,
    "std": 0.5392664199682453,
    "min": 0.0,
    "max": 63.0,
    "p25": 0.0,
    "p50": 0.0,
    "p75": 0.0,
    "missing_pct": 0.00010903992938366478
  },
  "revol_bal": {
    "mean": 15913.335713173063,
    "std": 20217.198462854813,
    "min": 0.0,
    "max": 2568995.0,
    "p25": 6333.0,
    "p50": 11676.0,
    "p75": 20171.0,
    "missing_pct": 0.0
  },
  "mths_since_last_delinq": {
    "mean": 34.23161368768456,
    "std": 21.823849030045967,
    "min": 0.0,
    "max": 188.0,
    "p25": 16.0,
    "p50": 31.0,
    "p75": 50.0,
    "missing_pct": 0.5516122332416014
  }
}